image,field,correct,critical
001_blur.jpg,sku,False,True
001_blur.jpg,lot,False,True
001_blur.jpg,quantity,False,False
001_blur.jpg,unit,False,False
001_blur.jpg,serial,False,True
001_blur.jpg,po_number,False,False
001_blur.jpg,barcode,False,True
002_blur.jpg,sku,True,True
002_blur.jpg,lot,True,True
002_blur.jpg,quantity,True,False
002_blur.jpg,unit,True,False
002_blur.jpg,serial,True,True
002_blur.jpg,po_number,True,False
002_blur.jpg,barcode,True,True
003_damaged.jpg,sku,True,True
003_damaged.jpg,lot,True,True
003_damaged.jpg,quantity,True,False
003_damaged.jpg,unit,True,False
003_damaged.jpg,serial,True,True
003_damaged.jpg,po_number,True,False
003_damaged.jpg,barcode,True,True
004_reflection.jpg,sku,False,True
004_reflection.jpg,lot,False,True
004_reflection.jpg,quantity,False,False
004_reflection.jpg,unit,False,False
004_reflection.jpg,serial,False,True
004_reflection.jpg,po_number,False,False
004_reflection.jpg,barcode,False,True
005_blur.jpg,sku,False,True
005_blur.jpg,lot,False,True
005_blur.jpg,quantity,False,False
005_blur.jpg,unit,False,False
005_blur.jpg,serial,False,True
005_blur.jpg,po_number,False,False
005_blur.jpg,barcode,False,True
006_rotated.jpg,sku,False,True
006_rotated.jpg,lot,False,True
006_rotated.jpg,quantity,False,False
006_rotated.jpg,unit,False,False
006_rotated.jpg,serial,False,True
006_rotated.jpg,po_number,False,False
006_rotated.jpg,barcode,False,True
007_vietnamese_mixed.jpg,sku,False,True
007_vietnamese_mixed.jpg,lot,False,True
007_vietnamese_mixed.jpg,quantity,False,False
007_vietnamese_mixed.jpg,unit,False,False
007_vietnamese_mixed.jpg,serial,False,True
007_vietnamese_mixed.jpg,po_number,False,False
007_vietnamese_mixed.jpg,barcode,False,True
008_reflection.jpg,sku,True,True
008_reflection.jpg,lot,True,True
008_reflection.jpg,quantity,True,False
008_reflection.jpg,unit,True,False
008_reflection.jpg,serial,True,True
008_reflection.jpg,po_number,True,False
008_reflection.jpg,barcode,True,True
009_vietnamese_mixed.jpg,sku,False,True
009_vietnamese_mixed.jpg,lot,False,True
009_vietnamese_mixed.jpg,quantity,False,False
009_vietnamese_mixed.jpg,unit,False,False
009_vietnamese_mixed.jpg,serial,False,True
009_vietnamese_mixed.jpg,po_number,False,False
009_vietnamese_mixed.jpg,barcode,False,True
010_vietnamese_mixed.jpg,sku,False,True
010_vietnamese_mixed.jpg,lot,False,True
010_vietnamese_mixed.jpg,quantity,False,False
010_vietnamese_mixed.jpg,unit,False,False
010_vietnamese_mixed.jpg,serial,False,True
010_vietnamese_mixed.jpg,po_number,False,False
010_vietnamese_mixed.jpg,barcode,False,True
011_rotated.jpg,sku,False,True
011_rotated.jpg,lot,False,True
011_rotated.jpg,quantity,False,False
011_rotated.jpg,unit,False,False
011_rotated.jpg,serial,False,True
011_rotated.jpg,po_number,False,False
011_rotated.jpg,barcode,False,True
012_rotated.jpg,sku,False,True
012_rotated.jpg,lot,False,True
012_rotated.jpg,quantity,False,False
012_rotated.jpg,unit,False,False
012_rotated.jpg,serial,False,True
012_rotated.jpg,po_number,False,False
012_rotated.jpg,barcode,False,True
013_small_text.jpg,sku,True,True
013_small_text.jpg,lot,True,True
013_small_text.jpg,quantity,True,False
013_small_text.jpg,unit,True,False
013_small_text.jpg,serial,True,True
013_small_text.jpg,po_number,True,False
013_small_text.jpg,barcode,True,True
014_damaged.jpg,sku,False,True
014_damaged.jpg,lot,False,True
014_damaged.jpg,quantity,False,False
014_damaged.jpg,unit,False,False
014_damaged.jpg,serial,False,True
014_damaged.jpg,po_number,False,False
014_damaged.jpg,barcode,False,True
015_small_text.jpg,sku,True,True
015_small_text.jpg,lot,True,True
015_small_text.jpg,quantity,True,False
015_small_text.jpg,unit,True,False
015_small_text.jpg,serial,True,True
015_small_text.jpg,po_number,True,False
015_small_text.jpg,barcode,True,True
016_small_text.jpg,sku,False,True
016_small_text.jpg,lot,True,True
016_small_text.jpg,quantity,True,False
016_small_text.jpg,unit,True,False
016_small_text.jpg,serial,True,True
016_small_text.jpg,po_number,True,False
016_small_text.jpg,barcode,True,True
017_clear.jpg,sku,False,True
017_clear.jpg,lot,False,True
017_clear.jpg,quantity,False,False
017_clear.jpg,unit,False,False
017_clear.jpg,serial,False,True
017_clear.jpg,po_number,False,False
017_clear.jpg,barcode,False,True
018_dark.jpg,sku,False,True
018_dark.jpg,lot,False,True
018_dark.jpg,quantity,False,False
018_dark.jpg,unit,False,False
018_dark.jpg,serial,False,True
018_dark.jpg,po_number,False,False
018_dark.jpg,barcode,False,True
019_dark.jpg,sku,False,True
019_dark.jpg,lot,False,True
019_dark.jpg,quantity,False,False
019_dark.jpg,unit,False,False
019_dark.jpg,serial,False,True
019_dark.jpg,po_number,False,False
019_dark.jpg,barcode,False,True
020_vietnamese_mixed.jpg,sku,False,True
020_vietnamese_mixed.jpg,lot,False,True
020_vietnamese_mixed.jpg,quantity,False,False
020_vietnamese_mixed.jpg,unit,False,False
020_vietnamese_mixed.jpg,serial,False,True
020_vietnamese_mixed.jpg,po_number,False,False
020_vietnamese_mixed.jpg,barcode,False,True
021_clear.jpg,sku,False,True
021_clear.jpg,lot,False,True
021_clear.jpg,quantity,False,False
021_clear.jpg,unit,False,False
021_clear.jpg,serial,False,True
021_clear.jpg,po_number,False,False
021_clear.jpg,barcode,False,True
022_clear.jpg,sku,False,True
022_clear.jpg,lot,False,True
022_clear.jpg,quantity,False,False
022_clear.jpg,unit,False,False
022_clear.jpg,serial,False,True
022_clear.jpg,po_number,False,False
022_clear.jpg,barcode,False,True
023_dark.jpg,sku,True,True
023_dark.jpg,lot,True,True
023_dark.jpg,quantity,True,False
023_dark.jpg,unit,True,False
023_dark.jpg,serial,True,True
023_dark.jpg,po_number,True,False
023_dark.jpg,barcode,True,True
024_clear.jpg,sku,False,True
024_clear.jpg,lot,False,True
024_clear.jpg,quantity,False,False
024_clear.jpg,unit,False,False
024_clear.jpg,serial,False,True
024_clear.jpg,po_number,False,False
024_clear.jpg,barcode,False,True
025_blur.jpg,sku,False,True
025_blur.jpg,lot,False,True
025_blur.jpg,quantity,False,False
025_blur.jpg,unit,False,False
025_blur.jpg,serial,False,True
025_blur.jpg,po_number,False,False
025_blur.jpg,barcode,False,True
026_damaged.jpg,sku,False,True
026_damaged.jpg,lot,False,True
026_damaged.jpg,quantity,False,False
026_damaged.jpg,unit,False,False
026_damaged.jpg,serial,False,True
026_damaged.jpg,po_number,False,False
026_damaged.jpg,barcode,False,True
027_damaged.jpg,sku,False,True
027_damaged.jpg,lot,False,True
027_damaged.jpg,quantity,False,False
027_damaged.jpg,unit,False,False
027_damaged.jpg,serial,False,True
027_damaged.jpg,po_number,False,False
027_damaged.jpg,barcode,False,True
028_rotated.jpg,sku,False,True
028_rotated.jpg,lot,False,True
028_rotated.jpg,quantity,False,False
028_rotated.jpg,unit,False,False
028_rotated.jpg,serial,False,True
028_rotated.jpg,po_number,False,False
028_rotated.jpg,barcode,False,True
029_rotated.jpg,sku,False,True
029_rotated.jpg,lot,False,True
029_rotated.jpg,quantity,False,False
029_rotated.jpg,unit,False,False
029_rotated.jpg,serial,False,True
029_rotated.jpg,po_number,False,False
029_rotated.jpg,barcode,False,True
030_rotated.jpg,sku,False,True
030_rotated.jpg,lot,False,True
030_rotated.jpg,quantity,False,False
030_rotated.jpg,unit,False,False
030_rotated.jpg,serial,False,True
030_rotated.jpg,po_number,False,False
030_rotated.jpg,barcode,False,True
031_damaged.jpg,sku,False,True
031_damaged.jpg,lot,False,True
031_damaged.jpg,quantity,False,False
031_damaged.jpg,unit,False,False
031_damaged.jpg,serial,False,True
031_damaged.jpg,po_number,False,False
031_damaged.jpg,barcode,False,True
032_small_text.jpg,sku,True,True
032_small_text.jpg,lot,True,True
032_small_text.jpg,quantity,True,False
032_small_text.jpg,unit,True,False
032_small_text.jpg,serial,True,True
032_small_text.jpg,po_number,True,False
032_small_text.jpg,barcode,True,True
033_dark.jpg,sku,False,True
033_dark.jpg,lot,False,True
033_dark.jpg,quantity,False,False
033_dark.jpg,unit,False,False
033_dark.jpg,serial,False,True
033_dark.jpg,po_number,False,False
033_dark.jpg,barcode,False,True
034_blur.jpg,sku,False,True
034_blur.jpg,lot,False,True
034_blur.jpg,quantity,False,False
034_blur.jpg,unit,False,False
034_blur.jpg,serial,False,True
034_blur.jpg,po_number,False,False
034_blur.jpg,barcode,False,True
035_dark.jpg,sku,False,True
035_dark.jpg,lot,False,True
035_dark.jpg,quantity,False,False
035_dark.jpg,unit,False,False
035_dark.jpg,serial,False,True
035_dark.jpg,po_number,False,False
035_dark.jpg,barcode,False,True
036_small_text.jpg,sku,True,True
036_small_text.jpg,lot,True,True
036_small_text.jpg,quantity,True,False
036_small_text.jpg,unit,True,False
036_small_text.jpg,serial,True,True
036_small_text.jpg,po_number,True,False
036_small_text.jpg,barcode,True,True
037_small_text.jpg,sku,True,True
037_small_text.jpg,lot,True,True
037_small_text.jpg,quantity,True,False
037_small_text.jpg,unit,True,False
037_small_text.jpg,serial,True,True
037_small_text.jpg,po_number,True,False
037_small_text.jpg,barcode,True,True
038_clear.jpg,sku,False,True
038_clear.jpg,lot,False,True
038_clear.jpg,quantity,False,False
038_clear.jpg,unit,False,False
038_clear.jpg,serial,False,True
038_clear.jpg,po_number,False,False
038_clear.jpg,barcode,False,True
039_vietnamese_mixed.jpg,sku,False,True
039_vietnamese_mixed.jpg,lot,False,True
039_vietnamese_mixed.jpg,quantity,False,False
039_vietnamese_mixed.jpg,unit,False,False
039_vietnamese_mixed.jpg,serial,False,True
039_vietnamese_mixed.jpg,po_number,False,False
039_vietnamese_mixed.jpg,barcode,False,True
040_small_text.jpg,sku,True,True
040_small_text.jpg,lot,True,True
040_small_text.jpg,quantity,True,False
040_small_text.jpg,unit,True,False
040_small_text.jpg,serial,True,True
040_small_text.jpg,po_number,True,False
040_small_text.jpg,barcode,True,True
041_small_text.jpg,sku,True,True
041_small_text.jpg,lot,True,True
041_small_text.jpg,quantity,True,False
041_small_text.jpg,unit,True,False
041_small_text.jpg,serial,True,True
041_small_text.jpg,po_number,True,False
041_small_text.jpg,barcode,True,True
042_small_text.jpg,sku,True,True
042_small_text.jpg,lot,True,True
042_small_text.jpg,quantity,True,False
042_small_text.jpg,unit,True,False
042_small_text.jpg,serial,True,True
042_small_text.jpg,po_number,True,False
042_small_text.jpg,barcode,True,True
043_vietnamese_mixed.jpg,sku,False,True
043_vietnamese_mixed.jpg,lot,False,True
043_vietnamese_mixed.jpg,quantity,False,False
043_vietnamese_mixed.jpg,unit,False,False
043_vietnamese_mixed.jpg,serial,False,True
043_vietnamese_mixed.jpg,po_number,False,False
043_vietnamese_mixed.jpg,barcode,False,True
044_clear.jpg,sku,False,True
044_clear.jpg,lot,False,True
044_clear.jpg,quantity,False,False
044_clear.jpg,unit,False,False
044_clear.jpg,serial,False,True
044_clear.jpg,po_number,False,False
044_clear.jpg,barcode,False,True
045_clear.jpg,sku,False,True
045_clear.jpg,lot,False,True
045_clear.jpg,quantity,False,False
045_clear.jpg,unit,False,False
045_clear.jpg,serial,False,True
045_clear.jpg,po_number,False,False
045_clear.jpg,barcode,False,True
046_dark.jpg,sku,False,True
046_dark.jpg,lot,False,True
046_dark.jpg,quantity,False,False
046_dark.jpg,unit,False,False
046_dark.jpg,serial,False,True
046_dark.jpg,po_number,False,False
046_dark.jpg,barcode,False,True
047_clear.jpg,sku,False,True
047_clear.jpg,lot,False,True
047_clear.jpg,quantity,False,False
047_clear.jpg,unit,False,False
047_clear.jpg,serial,False,True
047_clear.jpg,po_number,False,False
047_clear.jpg,barcode,False,True
048_rotated.jpg,sku,False,True
048_rotated.jpg,lot,False,True
048_rotated.jpg,quantity,False,False
048_rotated.jpg,unit,False,False
048_rotated.jpg,serial,False,True
048_rotated.jpg,po_number,False,False
048_rotated.jpg,barcode,False,True
049_rotated.jpg,sku,False,True
049_rotated.jpg,lot,False,True
049_rotated.jpg,quantity,False,False
049_rotated.jpg,unit,False,False
049_rotated.jpg,serial,False,True
049_rotated.jpg,po_number,False,False
049_rotated.jpg,barcode,False,True
050_damaged.jpg,sku,False,True
050_damaged.jpg,lot,False,True
050_damaged.jpg,quantity,False,False
050_damaged.jpg,unit,False,False
050_damaged.jpg,serial,False,True
050_damaged.jpg,po_number,False,False
050_damaged.jpg,barcode,False,True
051_blur.jpg,sku,False,True
051_blur.jpg,lot,False,True
051_blur.jpg,quantity,False,False
051_blur.jpg,unit,False,False
051_blur.jpg,serial,False,True
051_blur.jpg,po_number,False,False
051_blur.jpg,barcode,False,True
052_clear.jpg,sku,False,True
052_clear.jpg,lot,False,True
052_clear.jpg,quantity,False,False
052_clear.jpg,unit,False,False
052_clear.jpg,serial,False,True
052_clear.jpg,po_number,False,False
052_clear.jpg,barcode,False,True
053_blur.jpg,sku,True,True
053_blur.jpg,lot,True,True
053_blur.jpg,quantity,True,False
053_blur.jpg,unit,True,False
053_blur.jpg,serial,True,True
053_blur.jpg,po_number,True,False
053_blur.jpg,barcode,True,True
054_reflection.jpg,sku,False,True
054_reflection.jpg,lot,False,True
054_reflection.jpg,quantity,False,False
054_reflection.jpg,unit,False,False
054_reflection.jpg,serial,False,True
054_reflection.jpg,po_number,False,False
054_reflection.jpg,barcode,False,True
055_small_text.jpg,sku,True,True
055_small_text.jpg,lot,True,True
055_small_text.jpg,quantity,True,False
055_small_text.jpg,unit,True,False
055_small_text.jpg,serial,True,True
055_small_text.jpg,po_number,True,False
055_small_text.jpg,barcode,True,True
056_blur.jpg,sku,False,True
056_blur.jpg,lot,False,True
056_blur.jpg,quantity,False,False
056_blur.jpg,unit,False,False
056_blur.jpg,serial,False,True
056_blur.jpg,po_number,False,False
056_blur.jpg,barcode,False,True
057_damaged.jpg,sku,False,True
057_damaged.jpg,lot,False,True
057_damaged.jpg,quantity,False,False
057_damaged.jpg,unit,False,False
057_damaged.jpg,serial,False,True
057_damaged.jpg,po_number,False,False
057_damaged.jpg,barcode,False,True
058_reflection.jpg,sku,False,True
058_reflection.jpg,lot,False,True
058_reflection.jpg,quantity,False,False
058_reflection.jpg,unit,False,False
058_reflection.jpg,serial,False,True
058_reflection.jpg,po_number,False,False
058_reflection.jpg,barcode,False,True
059_clear.jpg,sku,False,True
059_clear.jpg,lot,False,True
059_clear.jpg,quantity,False,False
059_clear.jpg,unit,False,False
059_clear.jpg,serial,False,True
059_clear.jpg,po_number,False,False
059_clear.jpg,barcode,False,True
060_rotated.jpg,sku,False,True
060_rotated.jpg,lot,False,True
060_rotated.jpg,quantity,False,False
060_rotated.jpg,unit,False,False
060_rotated.jpg,serial,False,True
060_rotated.jpg,po_number,False,False
060_rotated.jpg,barcode,False,True
061_damaged.jpg,sku,False,True
061_damaged.jpg,lot,False,True
061_damaged.jpg,quantity,False,False
061_damaged.jpg,unit,False,False
061_damaged.jpg,serial,False,True
061_damaged.jpg,po_number,False,False
061_damaged.jpg,barcode,False,True
062_dark.jpg,sku,False,True
062_dark.jpg,lot,False,True
062_dark.jpg,quantity,False,False
062_dark.jpg,unit,False,False
062_dark.jpg,serial,False,True
062_dark.jpg,po_number,False,False
062_dark.jpg,barcode,False,True
063_reflection.jpg,sku,False,True
063_reflection.jpg,lot,False,True
063_reflection.jpg,quantity,False,False
063_reflection.jpg,unit,False,False
063_reflection.jpg,serial,False,True
063_reflection.jpg,po_number,False,False
063_reflection.jpg,barcode,False,True
064_damaged.jpg,sku,False,True
064_damaged.jpg,lot,False,True
064_damaged.jpg,quantity,False,False
064_damaged.jpg,unit,False,False
064_damaged.jpg,serial,False,True
064_damaged.jpg,po_number,False,False
064_damaged.jpg,barcode,False,True
065_small_text.jpg,sku,True,True
065_small_text.jpg,lot,True,True
065_small_text.jpg,quantity,True,False
065_small_text.jpg,unit,True,False
065_small_text.jpg,serial,True,True
065_small_text.jpg,po_number,True,False
065_small_text.jpg,barcode,True,True
066_clear.jpg,sku,False,True
066_clear.jpg,lot,False,True
066_clear.jpg,quantity,False,False
066_clear.jpg,unit,False,False
066_clear.jpg,serial,False,True
066_clear.jpg,po_number,False,False
066_clear.jpg,barcode,False,True
067_reflection.jpg,sku,False,True
067_reflection.jpg,lot,False,True
067_reflection.jpg,quantity,False,False
067_reflection.jpg,unit,False,False
067_reflection.jpg,serial,False,True
067_reflection.jpg,po_number,False,False
067_reflection.jpg,barcode,False,True
068_rotated.jpg,sku,False,True
068_rotated.jpg,lot,False,True
068_rotated.jpg,quantity,False,False
068_rotated.jpg,unit,False,False
068_rotated.jpg,serial,False,True
068_rotated.jpg,po_number,False,False
068_rotated.jpg,barcode,False,True
069_small_text.jpg,sku,True,True
069_small_text.jpg,lot,True,True
069_small_text.jpg,quantity,True,False
069_small_text.jpg,unit,True,False
069_small_text.jpg,serial,True,True
069_small_text.jpg,po_number,True,False
069_small_text.jpg,barcode,True,True
070_reflection.jpg,sku,False,True
070_reflection.jpg,lot,False,True
070_reflection.jpg,quantity,False,False
070_reflection.jpg,unit,False,False
070_reflection.jpg,serial,False,True
070_reflection.jpg,po_number,False,False
070_reflection.jpg,barcode,False,True
071_clear.jpg,sku,False,True
071_clear.jpg,lot,False,True
071_clear.jpg,quantity,False,False
071_clear.jpg,unit,False,False
071_clear.jpg,serial,False,True
071_clear.jpg,po_number,False,False
071_clear.jpg,barcode,False,True
072_dark.jpg,sku,False,True
072_dark.jpg,lot,False,True
072_dark.jpg,quantity,False,False
072_dark.jpg,unit,False,False
072_dark.jpg,serial,False,True
072_dark.jpg,po_number,False,False
072_dark.jpg,barcode,False,True
073_small_text.jpg,sku,False,True
073_small_text.jpg,lot,True,True
073_small_text.jpg,quantity,True,False
073_small_text.jpg,unit,True,False
073_small_text.jpg,serial,True,True
073_small_text.jpg,po_number,True,False
073_small_text.jpg,barcode,True,True
074_blur.jpg,sku,False,True
074_blur.jpg,lot,False,True
074_blur.jpg,quantity,False,False
074_blur.jpg,unit,False,False
074_blur.jpg,serial,False,True
074_blur.jpg,po_number,False,False
074_blur.jpg,barcode,False,True
075_rotated.jpg,sku,False,True
075_rotated.jpg,lot,False,True
075_rotated.jpg,quantity,False,False
075_rotated.jpg,unit,False,False
075_rotated.jpg,serial,False,True
075_rotated.jpg,po_number,False,False
075_rotated.jpg,barcode,False,True
076_vietnamese_mixed.jpg,sku,False,True
076_vietnamese_mixed.jpg,lot,False,True
076_vietnamese_mixed.jpg,quantity,False,False
076_vietnamese_mixed.jpg,unit,False,False
076_vietnamese_mixed.jpg,serial,False,True
076_vietnamese_mixed.jpg,po_number,False,False
076_vietnamese_mixed.jpg,barcode,False,True
077_rotated.jpg,sku,False,True
077_rotated.jpg,lot,False,True
077_rotated.jpg,quantity,False,False
077_rotated.jpg,unit,False,False
077_rotated.jpg,serial,False,True
077_rotated.jpg,po_number,False,False
077_rotated.jpg,barcode,False,True
078_rotated.jpg,sku,False,True
078_rotated.jpg,lot,False,True
078_rotated.jpg,quantity,False,False
078_rotated.jpg,unit,False,False
078_rotated.jpg,serial,False,True
078_rotated.jpg,po_number,False,False
078_rotated.jpg,barcode,False,True
079_clear.jpg,sku,True,True
079_clear.jpg,lot,True,True
079_clear.jpg,quantity,True,False
079_clear.jpg,unit,True,False
079_clear.jpg,serial,True,True
079_clear.jpg,po_number,True,False
079_clear.jpg,barcode,True,True
080_clear.jpg,sku,False,True
080_clear.jpg,lot,False,True
080_clear.jpg,quantity,False,False
080_clear.jpg,unit,False,False
080_clear.jpg,serial,False,True
080_clear.jpg,po_number,False,False
080_clear.jpg,barcode,False,True
081_rotated.jpg,sku,False,True
081_rotated.jpg,lot,False,True
081_rotated.jpg,quantity,False,False
081_rotated.jpg,unit,False,False
081_rotated.jpg,serial,False,True
081_rotated.jpg,po_number,False,False
081_rotated.jpg,barcode,False,True
082_clear.jpg,sku,True,True
082_clear.jpg,lot,True,True
082_clear.jpg,quantity,True,False
082_clear.jpg,unit,True,False
082_clear.jpg,serial,True,True
082_clear.jpg,po_number,True,False
082_clear.jpg,barcode,True,True
083_rotated.jpg,sku,False,True
083_rotated.jpg,lot,False,True
083_rotated.jpg,quantity,False,False
083_rotated.jpg,unit,False,False
083_rotated.jpg,serial,False,True
083_rotated.jpg,po_number,False,False
083_rotated.jpg,barcode,False,True
084_clear.jpg,sku,False,True
084_clear.jpg,lot,False,True
084_clear.jpg,quantity,False,False
084_clear.jpg,unit,False,False
084_clear.jpg,serial,False,True
084_clear.jpg,po_number,False,False
084_clear.jpg,barcode,False,True
085_clear.jpg,sku,False,True
085_clear.jpg,lot,False,True
085_clear.jpg,quantity,False,False
085_clear.jpg,unit,False,False
085_clear.jpg,serial,False,True
085_clear.jpg,po_number,False,False
085_clear.jpg,barcode,False,True
086_clear.jpg,sku,False,True
086_clear.jpg,lot,False,True
086_clear.jpg,quantity,False,False
086_clear.jpg,unit,False,False
086_clear.jpg,serial,False,True
086_clear.jpg,po_number,False,False
086_clear.jpg,barcode,False,True
087_vietnamese_mixed.jpg,sku,False,True
087_vietnamese_mixed.jpg,lot,False,True
087_vietnamese_mixed.jpg,quantity,False,False
087_vietnamese_mixed.jpg,unit,False,False
087_vietnamese_mixed.jpg,serial,False,True
087_vietnamese_mixed.jpg,po_number,False,False
087_vietnamese_mixed.jpg,barcode,False,True
088_blur.jpg,sku,False,True
088_blur.jpg,lot,False,True
088_blur.jpg,quantity,False,False
088_blur.jpg,unit,False,False
088_blur.jpg,serial,False,True
088_blur.jpg,po_number,False,False
088_blur.jpg,barcode,False,True
089_reflection.jpg,sku,False,True
089_reflection.jpg,lot,False,True
089_reflection.jpg,quantity,False,False
089_reflection.jpg,unit,False,False
089_reflection.jpg,serial,False,True
089_reflection.jpg,po_number,False,False
089_reflection.jpg,barcode,False,True
090_clear.jpg,sku,False,True
090_clear.jpg,lot,False,True
090_clear.jpg,quantity,False,False
090_clear.jpg,unit,False,False
090_clear.jpg,serial,False,True
090_clear.jpg,po_number,False,False
090_clear.jpg,barcode,False,True
091_reflection.jpg,sku,False,True
091_reflection.jpg,lot,False,True
091_reflection.jpg,quantity,False,False
091_reflection.jpg,unit,False,False
091_reflection.jpg,serial,False,True
091_reflection.jpg,po_number,False,False
091_reflection.jpg,barcode,False,True
092_damaged.jpg,sku,False,True
092_damaged.jpg,lot,False,True
092_damaged.jpg,quantity,False,False
092_damaged.jpg,unit,False,False
092_damaged.jpg,serial,False,True
092_damaged.jpg,po_number,False,False
092_damaged.jpg,barcode,False,True
093_dark.jpg,sku,False,True
093_dark.jpg,lot,False,True
093_dark.jpg,quantity,False,False
093_dark.jpg,unit,False,False
093_dark.jpg,serial,False,True
093_dark.jpg,po_number,False,False
093_dark.jpg,barcode,False,True
094_small_text.jpg,sku,True,True
094_small_text.jpg,lot,True,True
094_small_text.jpg,quantity,True,False
094_small_text.jpg,unit,True,False
094_small_text.jpg,serial,True,True
094_small_text.jpg,po_number,True,False
094_small_text.jpg,barcode,True,True
095_clear.jpg,sku,False,True
095_clear.jpg,lot,False,True
095_clear.jpg,quantity,False,False
095_clear.jpg,unit,False,False
095_clear.jpg,serial,False,True
095_clear.jpg,po_number,False,False
095_clear.jpg,barcode,False,True
096_vietnamese_mixed.jpg,sku,True,True
096_vietnamese_mixed.jpg,lot,True,True
096_vietnamese_mixed.jpg,quantity,True,False
096_vietnamese_mixed.jpg,unit,True,False
096_vietnamese_mixed.jpg,serial,True,True
096_vietnamese_mixed.jpg,po_number,True,False
096_vietnamese_mixed.jpg,barcode,True,True
097_dark.jpg,sku,False,True
097_dark.jpg,lot,False,True
097_dark.jpg,quantity,False,False
097_dark.jpg,unit,False,False
097_dark.jpg,serial,False,True
097_dark.jpg,po_number,False,False
097_dark.jpg,barcode,False,True
098_reflection.jpg,sku,False,True
098_reflection.jpg,lot,False,True
098_reflection.jpg,quantity,False,False
098_reflection.jpg,unit,False,False
098_reflection.jpg,serial,False,True
098_reflection.jpg,po_number,False,False
098_reflection.jpg,barcode,False,True
099_small_text.jpg,sku,True,True
099_small_text.jpg,lot,True,True
099_small_text.jpg,quantity,True,False
099_small_text.jpg,unit,True,False
099_small_text.jpg,serial,False,True
099_small_text.jpg,po_number,True,False
099_small_text.jpg,barcode,True,True
100_vietnamese_mixed.jpg,sku,False,True
100_vietnamese_mixed.jpg,lot,False,True
100_vietnamese_mixed.jpg,quantity,False,False
100_vietnamese_mixed.jpg,unit,False,False
100_vietnamese_mixed.jpg,serial,False,True
100_vietnamese_mixed.jpg,po_number,False,False
100_vietnamese_mixed.jpg,barcode,False,True
